Id,Predictions
0,fake
1,real
2,fake
3,real
4,real
5,fake
6,real
7,real
8,fake
9,fake
10,real
11,real
12,real
13,real
14,real
15,fake
16,real
17,fake
18,real
19,real
20,real
21,real
22,fake
23,fake
24,fake
25,fake
26,real
27,fake
28,real
29,fake
30,fake
31,fake
32,fake
33,real
34,real
35,fake
36,real
37,fake
38,real
39,real
40,fake
41,fake
42,fake
43,real
44,fake
45,real
46,real
47,real
48,fake
49,fake
50,real
51,real
52,fake
53,real
54,real
55,fake
56,fake
57,fake
58,fake
59,fake
60,real
61,fake
62,fake
63,fake
64,real
65,real
66,real
67,real
68,real
69,fake
70,fake
71,fake
72,fake
73,real
74,fake
75,fake
76,fake
77,real
78,real
79,real
80,real
81,fake
82,real
83,fake
84,real
85,fake
86,fake
87,fake
88,fake
89,fake
90,fake
91,fake
92,real
93,fake
94,real
95,fake
96,real
97,fake
98,fake
99,real
100,fake
101,real
102,fake
103,fake
104,real
105,fake
106,real
107,real
108,real
109,fake
110,real
111,fake
112,real
113,real
114,real
115,real
116,fake
117,real
118,fake
119,real
120,real
121,fake
122,fake
123,real
124,fake
125,fake
126,fake
127,real
128,fake
129,fake
130,fake
131,fake
132,fake
133,real
134,real
135,fake
136,fake
137,real
138,real
139,fake
140,fake
141,real
142,fake
143,fake
144,real
145,real
146,fake
147,fake
148,real
149,real
150,fake
151,real
152,real
153,real
154,fake
155,fake
156,fake
157,real
158,fake
159,real
160,fake
161,real
162,real
163,fake
164,fake
165,real
166,real
167,fake
168,fake
169,fake
170,real
171,fake
172,real
173,real
174,real
175,fake
176,real
177,real
178,real
179,real
180,fake
181,fake
182,fake
183,real
184,real
185,real
186,real
187,fake
188,real
189,fake
190,fake
191,real
192,real
193,fake
194,real
195,real
196,real
197,real
198,fake
199,fake
200,real
201,fake
202,real
203,fake
204,real
205,real
206,real
207,fake
208,real
209,fake
210,fake
211,real
212,real
213,real
214,real
215,fake
216,fake
217,real
218,real
219,real
220,fake
221,real
222,real
223,fake
224,fake
225,fake
226,real
227,fake
228,fake
229,fake
230,fake
231,real
232,fake
233,fake
234,fake
235,real
236,real
237,fake
238,fake
239,real
240,real
241,real
242,fake
243,fake
244,real
245,real
246,real
247,real
248,real
249,fake
250,fake
251,fake
252,real
253,real
254,real
255,fake
256,real
257,real
258,real
259,real
260,real
261,real
262,real
263,real
264,real
265,real
266,real
267,real
268,real
269,real
270,real
271,real
272,real
273,real
274,real
275,fake
276,real
277,real
278,real
279,real
280,real
281,real
282,fake
283,real
284,real
285,fake
286,real
287,real
288,real
289,real
290,real
291,real
292,real
293,real
294,real
295,fake
296,real
297,real
298,real
299,real
300,real
301,real
302,fake
303,real
304,real
305,real
306,real
307,real
308,real
309,real
310,real
311,real
312,real
313,real
314,real
315,real
316,real
317,real
318,real
319,real
320,real
321,real
322,real
323,fake
324,real
325,real
326,real
327,fake
328,real
329,real
330,fake
331,real
332,real
333,real
334,real
335,real
336,real
337,real
338,real
339,real
340,fake
341,real
342,real
343,real
344,real
345,real
346,fake
347,real
348,real
349,real
350,real
351,real
352,fake
353,real
354,real
355,fake
356,fake
357,real
358,real
359,real
360,real
361,real
362,real
363,real
364,real
365,real
366,real
367,real
368,fake
369,real
370,real
371,real
372,fake
373,real
374,real
375,real
376,real
377,real
378,real
379,real
380,real
381,real
382,real
383,real
384,real
385,real
386,real
387,real
388,real
389,fake
390,real
391,real
392,real
393,real
394,fake
395,real
396,real
397,real
398,real
399,real
400,fake
401,real
402,fake
403,real
404,real
405,real
406,real
407,real
408,fake
409,fake
410,real
411,fake
412,real
413,real
414,real
415,real
416,real
417,real
418,real
419,real
420,real
421,fake
422,real
423,real
424,real
425,real
426,fake
427,fake
428,real
429,real
430,real
431,real
432,real
433,real
434,real
435,real
436,fake
437,real
438,fake
439,real
440,fake
441,real
442,real
443,real
444,real
445,fake
446,real
447,fake
448,real
449,fake
450,real
451,real
452,real
453,real
454,real
455,real
456,real
457,real
458,real
459,real
460,real
461,real
462,real
463,real
464,fake
465,real
466,real
467,real
468,real
469,real
470,real
471,real
472,real
473,real
474,real
475,fake
476,real
477,fake
478,real
479,real
480,fake
481,fake
482,real
483,real
484,real
485,real
486,real
487,real
488,real
489,real
490,real
491,real
492,real
493,real
494,fake
495,real
496,fake
497,real
498,real
499,real
500,real
501,real
502,real
503,real
504,fake
505,fake
506,real
507,real
508,fake
509,real
510,real
511,real
512,real
513,real
514,real
515,real
516,real
517,real
518,fake
519,fake
520,fake
521,real
522,real
523,real
524,real
525,real
526,fake
527,fake
528,real
529,fake
530,real
531,real
532,real
533,real
534,fake
535,real
536,real
537,real
538,real
539,fake
540,fake
541,real
542,fake
543,real
544,real
545,real
546,real
547,real
548,real
549,fake
550,real
551,real
552,real
553,fake
554,real
555,real
556,real
557,real
558,fake
559,real
560,real
561,real
562,real
563,fake
564,real
565,fake
566,real
567,real
568,real
569,real
570,fake
571,real
572,real
573,real
574,real
575,real
576,real
577,fake
578,real
579,fake
580,real
581,real
582,real
583,fake
584,real
585,real
586,real
587,real
588,real
589,real
590,real
591,fake
592,real
593,real
594,real
595,real
596,real
597,real
598,real
599,real
600,real
601,real
602,real
603,real
604,real
605,real
606,real
607,real
608,fake
609,real
610,real
611,real
612,real
613,real
614,real
615,real
616,real
617,real
618,real
619,real
620,real
621,real
622,real
623,real
624,real
625,real
626,real
627,real
628,real
629,fake
630,real
631,real
632,real
633,real
634,fake
635,fake
636,real
637,real
638,real
639,real
640,real
641,fake
642,real
643,real
644,real
645,real
646,fake
647,real
648,real
649,real
650,real
651,real
652,real
653,real
654,real
655,real
656,real
657,real
658,real
659,real
660,fake
661,fake
662,real
663,real
664,real
665,fake
666,real
667,real
668,fake
669,real
670,fake
671,real
672,real
673,real
674,real
675,fake
676,real
677,real
678,real
679,real
680,fake
681,real
682,real
683,real
684,real
685,real
686,fake
687,real
688,fake
689,real
690,fake
691,real
692,real
693,fake
694,fake
695,fake
696,real
697,fake
698,real
699,real
700,real
701,real
702,real
703,real
704,fake
705,real
706,real
707,real
708,real
709,real
710,fake
711,fake
712,real
713,real
714,fake
715,real
716,real
717,real
718,real
719,real
720,real
721,real
722,real
723,real
724,fake
725,real
726,real
727,real
728,real
729,real
730,real
731,real
732,real
733,real
734,real
735,fake
736,real
737,real
738,real
739,real
740,real
741,real
742,fake
743,real
744,real
745,real
746,real
747,real
748,real
749,real
750,real
751,real
752,real
753,real
754,fake
755,real
756,real
757,real
758,real
759,real
760,real
761,real
762,real
763,real
764,real
765,real
766,real
767,real
768,real
769,real
770,fake
771,real
772,real
773,real
774,real
775,real
776,fake
777,fake
778,real
779,real
780,real
781,real
782,fake
783,fake
784,real
785,real
786,real
787,real
788,real
789,real
790,real
791,real
792,real
793,fake
794,real
795,real
796,real
797,real
798,real
799,real
800,real
801,real
802,real
803,real
804,fake
805,real
806,real
807,real
808,real
809,real
810,real
811,fake
812,fake
813,real
814,real
815,real
816,real
817,real
818,real
819,real
820,real
821,real
822,fake
823,fake
824,real
825,real
826,real
827,real
828,fake
829,real
830,real
831,real
832,real
833,real
834,real
835,fake
836,real
837,real
838,real
839,real
840,fake
841,real
842,real
843,real
844,fake
845,real
846,real
847,real
848,real
849,real
850,real
851,fake
852,real
853,real
854,fake
855,real
856,real
857,real
858,real
859,fake
860,real
861,fake
862,real
863,real
864,real
865,real
866,real
867,real
868,real
869,real
870,real
871,real
872,real
873,real
874,real
875,real
876,real
877,fake
878,real
879,fake
880,real
881,real
882,real
883,real
884,real
885,real
886,fake
887,real
888,real
889,real
890,real
891,real
892,real
893,real
894,real
895,real
896,real
897,real
898,real
899,real
900,real
901,real
902,real
903,fake
904,real
905,real
906,real
907,real
908,real
909,real
910,real
911,real
912,fake
913,real
914,fake
915,real
916,fake
917,real
918,fake
919,real
920,fake
921,real
922,real
923,real
924,real
925,fake
926,real
927,real
928,real
929,fake
930,real
931,real
932,real
933,real
934,fake
935,real
936,fake
937,real
938,real
939,fake
940,real
941,real
942,fake
943,real
944,real
945,real
946,real
947,real
948,fake
949,real
950,real
951,real
952,real
953,real
954,real
955,real
956,real
957,fake
958,real
959,real
960,real
961,real
962,real
963,real
964,real
965,fake
966,real
967,fake
968,real
969,real
970,real
971,real
972,real
973,real
974,real
975,real
976,real
977,real
978,real
979,real
980,fake
981,real
982,real
983,real
984,real
985,real
986,real
987,real
988,fake
989,fake
990,real
991,fake
992,real
993,real
994,real
995,real
996,real
997,fake
998,real
999,real
1000,real
1001,real
1002,real
1003,real
1004,real
1005,real
1006,real
1007,fake
1008,real
1009,real
1010,real
1011,fake
1012,fake
1013,real
1014,real
1015,real
1016,real
1017,real
1018,real
1019,real
1020,real
1021,real
1022,real
1023,real
1024,real
1025,real
1026,real
1027,real
1028,fake
1029,real
1030,real
1031,real
1032,real
1033,real
1034,fake
1035,real
1036,fake
1037,real
1038,real
1039,real
1040,real
1041,real
1042,fake
1043,real
1044,real
1045,real
1046,real
1047,real
1048,real
1049,real
1050,real
1051,real
1052,real
1053,real
1054,real
1055,real
1056,real
1057,real
1058,real
1059,real
1060,real
1061,real
1062,real
1063,real
1064,real
1065,real
1066,real
1067,real
1068,real
1069,real
1070,real
1071,real
1072,fake
1073,real
1074,fake
1075,real
1076,real
1077,real
1078,real
1079,real
1080,real
1081,real
1082,real
1083,real
1084,real
1085,real
1086,fake
1087,real
1088,real
1089,fake
1090,real
1091,real
1092,real
1093,fake
1094,real
1095,fake
1096,real
1097,real
1098,real
1099,real
1100,fake
1101,real
1102,real
1103,real
1104,real
1105,real
1106,real
1107,real
1108,fake
1109,fake
1110,real
1111,real
1112,real
1113,real
1114,real
1115,real
1116,real
1117,real
1118,real
1119,fake
1120,fake
1121,real
1122,real
1123,fake
1124,fake
1125,real
1126,real
1127,real
1128,real
1129,real
1130,real
1131,real
1132,real
1133,real
1134,real
1135,real
1136,real
1137,real
1138,real
1139,real
1140,fake
1141,real
1142,fake
1143,real
1144,real
1145,real
1146,real
1147,real
1148,real
1149,real
1150,fake
1151,real
1152,real
1153,real
1154,real
1155,real
1156,real
1157,real
1158,real
1159,real
1160,real
1161,real
1162,real
1163,fake
1164,fake
1165,fake
1166,real
1167,real
1168,real
1169,real
1170,real
1171,real
1172,real
1173,real
1174,fake
1175,real
1176,fake
1177,real
1178,real
1179,fake
1180,real
1181,real
1182,real
1183,fake
1184,real
1185,fake
1186,real
1187,fake
1188,fake
1189,real
1190,real
1191,real
1192,real
1193,real
1194,real
1195,real
1196,fake
1197,real
1198,fake
1199,real
1200,real
1201,real
1202,real
1203,real
1204,real
1205,real
1206,fake
1207,real
1208,fake
1209,real
1210,real
1211,fake
1212,fake
1213,real
1214,real
1215,real
1216,real
1217,real
1218,real
1219,real
1220,real
1221,real
1222,real
1223,real
1224,real
1225,real
1226,real
1227,real
1228,fake
1229,fake
1230,real
1231,real
1232,fake
1233,real
1234,real
1235,real
1236,real
1237,real
1238,real
1239,real
1240,real
1241,real
1242,real
1243,fake
1244,real
1245,real
1246,real
1247,real
1248,real
1249,fake
1250,real
1251,real
1252,real
1253,real
1254,real
1255,real
1256,real
1257,fake
1258,real
1259,real
1260,real
1261,real
1262,real
1263,fake
1264,real
1265,real
1266,real
1267,real
1268,real
1269,real
1270,real
1271,real
1272,fake
1273,real
1274,real
1275,real
1276,real
1277,real
1278,real
1279,real
1280,real
1281,real
1282,real
1283,real
1284,real
1285,real
1286,fake
1287,real
1288,real
1289,real
1290,real
1291,real
1292,real
1293,real
1294,real
1295,real
1296,real
1297,fake
1298,real
1299,real
1300,real
1301,real
1302,fake
1303,real
1304,real
1305,real
1306,real
1307,real
1308,fake
1309,real
1310,fake
1311,real
1312,real
1313,real
1314,real
1315,real
1316,real
1317,real
1318,real
1319,real
1320,fake
1321,real
1322,real
1323,real
1324,real
1325,real
1326,real
1327,real
1328,real
1329,real
1330,fake
1331,real
1332,real
1333,real
1334,real
1335,fake
1336,real
1337,real
1338,real
1339,real
1340,fake
1341,real
1342,real
1343,real
1344,real
1345,real
1346,real
1347,real
1348,real
1349,fake
1350,real
1351,real
1352,real
1353,real
1354,real
1355,real
1356,real
1357,fake
1358,fake
1359,real
1360,real
1361,fake
1362,real
1363,real
1364,real
1365,real
1366,real
1367,real
1368,real
1369,real
1370,real
1371,real
1372,fake
1373,real
1374,real
1375,real
1376,real
1377,real
1378,fake
1379,real
1380,real
1381,real
1382,real
1383,real
1384,real
1385,real
1386,real
1387,real
1388,real
1389,real
1390,fake
1391,real
1392,fake
1393,real
1394,real
1395,real
1396,real
1397,real
1398,fake
1399,real
1400,real
1401,fake
1402,real
1403,real
1404,real
1405,real
1406,real
1407,real
1408,real
1409,real
1410,real
1411,real
1412,real
1413,real
1414,fake
1415,real
1416,real
1417,real
1418,real
1419,fake
1420,real
1421,real
1422,real
1423,real
1424,real
1425,real
1426,real
1427,real
1428,real
1429,real
1430,real
1431,real
1432,real
1433,real
1434,real
1435,fake
1436,real
1437,fake
1438,fake
1439,real
1440,real
1441,real
1442,real
1443,fake
1444,real
1445,fake
1446,real
1447,real
1448,real
1449,fake
1450,real
1451,fake
1452,real
1453,real
1454,real
1455,real
1456,real
1457,fake
1458,real
1459,real
1460,real
1461,real
1462,real
1463,real
1464,real
1465,real
1466,real
1467,real
1468,real
1469,real
1470,real
1471,real
1472,real
1473,real
1474,real
1475,real
1476,fake
1477,real
1478,real
1479,real
1480,fake
1481,real
1482,real
1483,real
1484,real
1485,real
1486,real
1487,real
1488,real
1489,real
1490,real
1491,real
1492,fake
1493,real
1494,real
1495,real
1496,real
1497,fake
1498,fake
1499,real
1500,real
1501,real
1502,real
1503,real
1504,real
1505,real
1506,real
1507,fake
1508,fake
1509,real
1510,real
1511,fake
1512,real
1513,real
1514,real
1515,real
1516,fake
1517,fake
1518,fake
1519,fake
1520,real
1521,real
1522,real
1523,real
1524,fake
1525,fake
1526,real
1527,real
1528,real
1529,real
1530,real
1531,real
1532,real
1533,real
1534,fake
1535,real
1536,real
1537,real
1538,real
1539,real
1540,real
1541,real
1542,real
1543,real
1544,real
1545,real
1546,real
1547,real
1548,real
1549,fake
1550,real
1551,real
1552,real
1553,real
1554,real
1555,real
1556,real
1557,real
1558,real
1559,real
1560,real
1561,real
1562,real
1563,real
1564,fake
1565,real
1566,real
1567,real
1568,real
1569,real
1570,fake
1571,real
1572,real
1573,real
1574,real
1575,fake
1576,fake
1577,real
1578,real
1579,real
1580,fake
1581,real
1582,real
1583,real
1584,real
1585,fake
1586,real
1587,fake
1588,real
1589,fake
1590,fake
1591,real
1592,real
1593,real
1594,real
1595,real
1596,real
1597,real
1598,real
1599,fake
1600,real
1601,real
1602,fake
1603,real
1604,real
1605,real
1606,fake
1607,real
1608,real
1609,real
1610,real
1611,real
1612,fake
1613,fake
1614,real
1615,real
1616,fake
1617,real
1618,real
1619,fake
1620,real
1621,real
1622,fake
1623,real
1624,real
1625,real
1626,real
1627,real
1628,real
1629,real
1630,real
1631,real
1632,real
1633,real
1634,real
1635,real
1636,real
1637,real
1638,real
1639,real
1640,real
1641,real
1642,real
1643,fake
1644,real
1645,real
1646,real
1647,real
1648,real
1649,fake
1650,real
1651,real
1652,real
1653,real
1654,real
1655,real
1656,real
1657,real
1658,real
1659,real
1660,real
1661,real
1662,fake
1663,real
1664,real
1665,real
1666,fake
1667,real
1668,real
1669,real
1670,fake
1671,real
1672,real
1673,fake
1674,real
1675,real
1676,real
1677,real
1678,fake
1679,fake
1680,real
1681,real
1682,fake
1683,real
1684,real
1685,real
1686,fake
1687,real
1688,real
1689,real
1690,real
1691,fake
1692,real
1693,real
1694,real
1695,real
1696,real
1697,real
1698,real
1699,real
1700,fake
1701,real
1702,fake
1703,real
1704,real
1705,fake
1706,real
1707,real
1708,real
1709,real
1710,real
1711,real
1712,real
1713,real
1714,fake
1715,fake
1716,real
1717,fake
1718,real
1719,fake
1720,real
1721,real
1722,real
1723,fake
1724,real
1725,real
1726,real
1727,fake
1728,real
1729,real
1730,real
1731,real
1732,real
1733,real
1734,real
1735,real
1736,fake
1737,real
1738,real
1739,real
1740,real
1741,real
1742,real
1743,real
1744,real
1745,real
1746,fake
1747,real
1748,real
1749,real
1750,fake
1751,real
1752,real
1753,real
1754,real
1755,real
